{
  "LinearNet": {
    "accuracy": 97.74,
    "training_time": 60.371434450149536,
    "params": 109386,
    "loss_history": [
      0.29788556339135813,
      0.143621772934776,
      0.11637014730362845,
      0.09485949769562511,
      0.08402032973314288
    ]
  },
  "CNNNet": {
    "accuracy": 99.18,
    "training_time": 177.63984179496765,
    "params": 421642,
    "loss_history": [
      0.2172739072275886,
      0.08319073474369268,
      0.06301385448361412,
      0.05273393994253844,
      0.04203983564839524
    ]
  },
  "DeepNet": {
    "accuracy": 97.82,
    "training_time": 80.53677773475647,
    "params": 576586,
    "loss_history": [
      0.2756167054672771,
      0.13669144966975172,
      0.1103015248450254,
      0.09498569706448916,
      0.08289721753954121
    ]
  }
}