{
  "LinearNet": {
    "accuracy": 97.48,
    "training_time": 102.03450107574463,
    "params": 109386,
    "loss_history": [
      0.3100053589425679,
      0.14750148027217877,
      0.11317211055337811,
      0.09450944008996714,
      0.08419555829200488
    ]
  },
  "CNNNet": {
    "accuracy": 99.17,
    "training_time": 212.1855525970459,
    "params": 421642,
    "loss_history": [
      0.23079178088418106,
      0.08607459902219268,
      0.06528416963995122,
      0.05375849095303248,
      0.043953484856833355
    ]
  },
  "DeepNet": {
    "accuracy": 98.07,
    "training_time": 129.74136590957642,
    "params": 576586,
    "loss_history": [
      0.2818307662204003,
      0.13717340154628924,
      0.10878500922906723,
      0.0911251839514929,
      0.08290556149392414
    ]
  }
}